1,凉皮,1
2,桔榎,1
3,炒花生米,1
4,贝果,1
5,中药渣,1
6,玉米须,1
7,鸡骨头,1
8,麻辣香锅残渣,1
9,豆制品,1
10,蚊子,1
11,食用油,1
12,马卡龙,1
13,秋葵,1
14,海蜇皮,1
15,鸭蛋,1
16,苹果泥,1
17,银耳,1
18,话梅核,1
19,花生,1
20,干蘑菇,1
21,大米,1
22,薰衣草,1
23,枸杞,1
24,香榧子壳,1
25,橄棪核,1
26,虾肉,1
27,蛋糕,1
28,鸭架,1
29,鱼子酱,1
30,压缩饼干,1
31,竹笋,1
32,茭白叶,1
33,盐,1
34,甜品,1
35,牛蛙,1
36,米线,1
37,荷叶,1
38,苹果,1
39,青菜叶,1
40,乌梅,1
41,草莓,1
42,芦荟,1
43,象鼻蚌,1
44,椰肉,1
45,火龙果,1
46,废弃植物,1
47,番茄梗,1
48,草头,1
49,又烧,1
50,树枝,1
51,桂圆壳,1
52,茶叶蛋壳,1
53,面包,1
54,麻辣烫,1
55,麻椒,1
56,兔子骨头,1
57,奥利奥饼干,1
58,黄泥螺,1
59,冷面,1
60,乌龙茶,1
61,咖啡渣,1
62,山东煎饼,1
63,黄瓜皮,1
64,盐水鸭,1
65,白茶,1
66,橙子皮,1
67,燕窝,1
68,白砂糖,1
69,蝉蛹,1
70,种子,1
71,海業花,1
72,栗子壳,1
73,瓜果,1
74,花瓣,1
75,茶叶蛋,1
76,玉米猫砂,1
77,笋干,1
78,西柚皮,1
79,干炒牛河,1
80,菜叶,1
81,西瓜子,1
82,小肉骨头,1
83,奶酪火锅锅底,1
84,鸡蛋仔,1
85,西米,1
86,果皮,1
87,慢头,1
88,西梅核,1
89,烧鸡,1
90,铁板鱿鱼,1
91,小米,1
92,土豆泥,1
93,酒酿,1
94,瓜子仁,1
95,最苹果皮,1
96,波萝皮,1
97,过期糖,1
98,松果,1
99,泡椒,1
100,水果沙拉,1
101,牛莺,1
102,西餐糕点,1
103,美芹,1
104,软糖,1
105,面饼,1
106,孜然粉,1
107,油桃肉,1
108,宝宝辅食泥,1
109,小笼包,1
110,公丁香,1
111,巴旦木,1
112,盐酥鸡,1
113,油条,1
114,碎骨头,1
115,腊肠,1
116,可爱多甜筒,1
117,波萝蜜肉,1
118,魔芋,1
119,过期食品,1
120,煎饼果子,1
121,跳跳糖,1
122,披萨,1
123,车厘子核,1
124,哈密瓜籽,1
125,高邮成蛋,1
126,中药材,1
127,杨桃籽,1
128,兰州拉面,1
129,圣代,1
130,鸭头,1
131,无花果壳,1
132,白米虾壳,1
133,奶酪,1
134,德国香肠,1
135,豆腐花,1
136,蛋炒饭,1
137,蚕宝宝,1
138,梔子花,1
139,橘子,1
140,鱿鱼丝,1
141,河虾,1
142,乌贼,1
143,红薯皮,1
144,提拉米苏,1
145,海胆,1
146,大白兔奶糖,1
147,烧卖,1
148,德克士炸鸡,1
149,水芹,1
150,中草药材,1
151,生蚝肉,1
152,生肉,1
153,宫保鸡丁,1
154,哈密瓜,1
155,蟠桃核,1
156,杜鹏花,1
157,大葱,1
158,碧根果肉,1
159,赖尿虾壳,1
160,鹌鹲蛋壳,1
161,蜜饯核,1
162,鱼内脏,1
163,夏威夷果肉,1
164,蹄筋,1
165,香蕉,1
166,蔷薇花,1
167,咖啡粉,1
168,黄鳝,1
169,红烧肉,1
170,青菜,1
171,红豆糕,1
172,花椒,1
173,黑鱼丸,1
174,包子馅,1
175,章鱼小丸子,1
176,樱桃楩,1
177,白糖,1
178,水草,1
179,南瓜,1
180,废弃食用油,1
181,大龙虾肉,1
182,糖果,1
183,槟榔,1
184,豆腐乳,1
185,红枣核,1
186,蒜头,1
187,樱桃干,1
188,鸭爪,1
189,蒻枝叶,1
190,花生碎,1
191,牛肉,1
192,牛肉煎包,1
193,干桂圆壳,1
194,叫化鸡,1
195,梨核,1
196,榴莲肉,1
197,可降解猫砂,1
198,腊肉,1
199,芹菜,1
200,杏仁壳,1
201,螺蛳粉,1
202,精,1
203,抹茶粉,1
204,脆皮甜筒,1
205,葡萄干,1
206,梅干菜,1
207,咖喱鱼丸,1
208,鸡胸肉,1
209,茨菇,1
210,小,1
211,桃子皮,1
212,芝士,1
213,鸡蛋壳,1
214,盒饭,1
215,黄瓜,1
216,红肠,1
217,黄芪,1
218,豆腐脑,1
219,八角,1
220,猪耳朵,1
221,生姜皮,1
222,鸭骨头,1
223,鸡内,1
224,蜜饯,1
225,李子,1
226,橙子,1
227,鱼虾,1
228,苹果肉,1
229,青柠檬,1
230,柠檬,1
231,头,1
232,臭豆腐,1
233,苹果核,1
234,泡菜粉丝,1
235,狗粮,1
236,番茄皮,1
237,罗汉果,1
238,鸭腿骨,1
239,食物残渣,1
240,猪小排,1
241,虾米,1
242,苦瓜皮,1
243,阿胶,1
244,花草茶渣,1
245,伊丽莎白瓜,1
246,咖啡豆渣,1
247,鸡蛋,1
248,山楂片,1
249,蚯蚓,1
250,橙皮,1
251,炒花生壳,1
252,葱油饼,1
253,提子,1
254,铁观音,1
255,腰果,1
256,猫屎咖啡,1
257,动物尸体,1
258,华夫,1
259,沙拉,1
260,干辣椒,1
261,虫子,1
262,山竹壳,1
263,多肉植物,1
264,干垃場贡菊,1
265,绿豆粉丝,1
266,面粉,1
267,杨梅核,1
268,粉丝,1
269,南瓜子,1
270,鱼豆腐,1
271,姜,1
272,绿豆糕,1
273,蜂蜜,1
274,螺蛳肉,1
275,桔普茶,1
276,熟鸡蛋壳,1
277,结团猫砂,1
278,樱桃核,1
279,鸭蛋壳,1
280,生鱼片,1
281,豆腐猫砂,1
282,里脊肉,1
283,紫薯皮,1
284,奶茶中的珍珠,1
285,豆腐皮,1
286,豌豆皮,1
287,柚子核,1
288,鹌鹲,1
289,水仙花,1
290,熟蛋黄,1
291,蒜苗,1
292,笋壳,1
293,银杏果,1
294,甜筒,1
295,水果,1
296,菠萝包,1
297,糯米纸,1
298,冰洪淋,1
299,鲜花瓣,1
300,周谢的鲜花,1
301,小核桃肉,1
302,牛鞭,1
303,土豆皮,1
304,炸鸡,1
305,章鱼,1
306,午餐肉,1
307,手擀面,1
308,黑椒牛排,1
309,干柠檬片,1
310,柠檬片,1
311,蟹肉棒,1
312,烂水果,1
313,核桃肉,1
314,苹果派,1
315,藏红花,1
316,七粉,1
317,雪花蟹壳,1
318,莲子,1
319,姜末,1
320,螺麵壳,1
321,过期大米,1
322,干贝,1
323,薄荷叶,1
324,石榴,1
325,青豆泥,1
326,成鸭蛋壳,1
327,懽头食品,1
328,仙草,1
329,粗盐,1
330,沉香茶,1
331,陈皮梅,1
332,香蕉干,1
333,茄子皮,1
334,鸡翅骨头,1
335,辣白菜,1
336,蔬菜沙拉,1
337,曲奇,1
338,麻花,1
339,饺子皮,1
340,鸡头,1
341,蹶鱼,1
342,猪肉铺,1
343,绿箩,1
344,鸡翅骨,1
345,草莓叶,1
346,咸蛋克,1
347,成肉,1
348,谷子皮,1
349,豆腐干,1
350,饼干,1
351,石榴籽,1
352,干垃培根,1
353,伊丽莎白瓜籽,1
354,烤鸡,1
355,方便面面条,1
356,冬瓜,1
357,桂圆核,1
358,豆浆渣,1
359,百香果壳,1
360,咖啡伴侣粉,1
361,叶子,1
362,河粉,1
363,五花肉,1
364,基围虾,1
365,辣子鸡,1
366,葱,1
367,麦当劳炸鸡,1
368,茘枝壳,1
369,干垃場烤鸭,1
370,鱼香肉丝,1
371,寿司,1
372,金枪鱼刺身,1
373,干垃酸菜,1
374,葱末,1
375,火龙果皮,1
376,米糯米,1
377,炒米粉,1
378,鹌鹲蛋,1
379,萎角皮,1
380,菜饭,1
381,鳝片,1
382,果冻,1
383,台湾香肠,1
384,青豆其,1
385,藜麦,1
386,猪扒,1
387,甲鱼小骨,1
388,木耳,1
389,蛋皮,1
390,红枣,1
391,排骨,1
392,鱼肉,1
393,椰果,1
394,鸡翅,1
395,香榧子,1
396,成趣饼干,1
397,湿香菇,1
398,鸡软骨,1
399,干树叶,1
400,干花生壳,1
401,牛肉干,1
402,苦瓜,1
403,坚子肉,1
404,黑芝麻糊,1
405,龙虾片,1
406,粽子馅,1
407,笋皮,1
408,文鱼刺身,1
409,酸菜鱼,1
410,肥牛片,1
411,菠萝,1
412,鲜花,1
413,棉花糖,1
414,鸭下巴,1
415,奶黄包,1
416,鸡腿,1
417,豆干,1
418,冬瓜籽,1
419,猪蹄,1
420,君子兰,1
421,甲鱼,1
422,北京烤鸭,1
423,火锅调料,1
424,荷包蛋,1
425,橙子籽,1
426,猕猴桃皮,1
427,枣子核,1
428,茘枝皮,1
429,棒棒糖,1
430,菱角,1
431,成鱼,1
432,冰糖葫芦,1
433,青团,1
434,田螺肉,1
435,鱼丸,1
436,当归片,1
437,炼乳,1
438,过期调味料,1
439,湿垃级木瓜,1
440,小黄鱼,1
441,鸡腿骨,1
442,菜皮,1
443,豆杄,1
444,银鳕鱼,1
445,小龙虾,1
446,鹅翅,1
447,龙利鱼,1
448,锅贴,1
449,咖喱粉,1
450,当归,1
451,鸡屁股,1
452,李子核,1
453,蟑螂,1
454,生菜,1
455,成鸡,1
456,干垃场蒜泥,1
457,食品添加剂,1
458,腿骨,1
459,葛苣,1
460,冬枣,1
461,冰糖,1
462,提子皮,1
463,丝瓜皮,1
464,干层面,1
465,印度飞饼,1
466,黑布林,1
467,板栗壳,1
468,猕後勃,1
469,汉堡包,1
470,速冻馄饨,1
471,苍蝇,1
472,熏鱼,1
473,燕麦,1
474,仙人球,1
475,鲫鱼,1
476,「烧饼,1
477,胡萝卜皮,1
478,蛋壳,1
479,牛排,1
480,香瓜子,1
481,布丁,1
482,鮑鱼肉,1
483,蒜瓣皮,1
484,巧克力酱,1
485,鸭皮,1
486,桂花,1
487,鸭胗,1
488,大饼,1
489,五香蛋,1
490,鸭脖骨头,1
491,玫瑰花,1
492,火锅底料,1
493,花苗,1
494,大头虾,1
495,红薯,1
496,芝士丸,1
497,柠檬皮,1
498,芋艿,1
499,可降解吸管,1
500,索,1
501,意大利面,1
502,葡萄皮,1
503,豆沙包,1
504,苿莉花,1
505,辣木籽,1
506,草本植物,1
507,可降解垃圾袋,1
508,鸡胗,1
509,海瓜子壳,1
510,韭菜,1
511,西兰花梗,1
512,泡椒鸡爪,1
513,黄油,1
514,残枝落叶,1
515,西瓜籽,1
516,脆枣,1
517,吐司,1
518,虾,1
519,鸡蛋饼,1
520,味精,1
521,铁棍山药,1
522,果酱,1
523,牛筋,1
524,螺蛳,1
525,豆油,1
526,薯格,1
527,花生衣,1
528,蝴蝶兰,1
529,大蒜叶,1
530,QQ糖,1
531,螃蟹壳,1
532,米粉,1
533,杨梅干,1
534,金丝皇菊,1
535,鸡排,1
536,蛋白,1
537,丝瓜,1
538,杏仁核,1
539,千张包,1
540,水蜜桃,1
541,梭子蟹壳,1
542,芨实糕,1
543,牛油果皮,1
544,冒菜,1
545,鱼刺,1
546,虾壳,1
547,彩虹糖,1
548,虾饺,1
549,拉菲草,1
550,金华火腿,1
551,出前一丁面条,1
552,八宝粥,1
553,莴笋,1
554,湿垃「红参片,1
555,虾头,1
556,榨菜,1
557,百香果籽,1
558,奶粉,1
559,早餐谷物,1
560,馅饼,1
561,山药,1
562,葡萄籽,1
563,菌菇,1
564,煎饼,1
565,胡椒粉,1
566,仓鼠粮,1
567,烘山芋皮,1
568,茶叶,1
569,梨,1
570,翅尖,1
571,蜘蛛丝,1
572,双皮奶,1
573,鸭脖,1
574,鱼骨头,1
575,兔头骨,1
576,垃圾藕夹,1
577,黄豆,1
578,蛋筒,1
579,鸭掌,1
580,玉米芯,1
581,香瓜皮,1
582,山竹核,1
583,糯米,1
584,烟熏三文鱼,1
585,饅鱼,1
586,黑芝麻汤团,1
587,大闸蟹壳,1
588,韩国泡菜,1
589,锅巴,1
590,鸭锁骨,1
591,冰淇淋脆筒,1
592,蔓越莓,1
593,蝴蝶酥,1
594,参片,1
595,青椒,1
596,素鸡,1
597,白色恋人饼干,1
598,玫瑰,1
599,玉米棒,1
600,糖炒栗子壳,1
601,干枝,1
602,文竹,1
603,桃子核,1
604,干垃荞麦,1
605,香肠衣,1
606,香菇,1
607,豆瓣酱,1
608,甜芦粟,1
609,松子壳,1
610,乐事薯片,1
611,油墩子,1
612,海瓜子,1
613,干粉条,1
614,大排骨头,1
615,小龙虾头,1
616,白米虾,1
617,成蛋黄,1
618,干面条,1
619,茶叶渣,1
620,水果干,1
621,黑椒酱,1
622,过期巧克力,1
623,波菜,1
624,乌梅壳,1
625,湿,1
626,酱油饭,1
627,圣女果,1
628,荞麦面,1
629,茄子,1
630,风梨酥,1
631,红糖,1
632,鱼泡,1
633,黄鱼,1
634,蝉,1
635,仙人掌,1
636,榴莲瓢,1
637,甘栗,1
638,人参,1
639,酸豆角,1
640,油烟机油脂,1
641,宽粉条,1
642,胡萝卜,1
643,凤梨皮,1
644,枇杷,1
645,鸡内脏,1
646,辣椒,1
647,堡仔饭,1
648,芋头,1
649,木瓜将,1
650,花椒粉,1
651,桃仁,1
652,毛豆皮,1
653,兰花豆壳,1
654,萝卜干,1
655,鸡蛋卷,1
656,花生酱,1
657,山楂,1
658,蚕豆,1
659,板栗,1
660,芒果皮,1
661,鸭舌,1
662,蜗牛,1
663,米饭,1
664,杏仁饼,1
665,鸭肉,1
666,蹄膀,1
667,糖,1
668,昆虫尸体,1
669,苹果皮,1
670,蛋黄酱,1
671,大闸蟹,1
672,大白菜,1
673,鲜花饼,1
674,芒果干,1
675,蟹肉,1
676,猪蹄骨,1
677,西兰花,1
678,鱿鱼,1
679,瓜子肉,1
680,芋圆,1
681,虾皮,1
682,蛋黄,1
683,茭白,1
684,冰粉,1
685,小龙虾黄,1
686,汤渣,1
687,皮皮虾,1
688,蛋挞皮,1
689,呕吐物,1
690,瓜子壳,1
691,黄鳝骨头,1
692,磻茄酱,1
693,饭团,1
694,肉肠,1
695,乒乓糯米糍,1
696,山楂干,1
697,肯德基炸鸡,1
698,菊花,1
699,龙虾壳,1
700,干果仁,1
701,玉米塑料袋,1
702,南瓜子壳,1
703,蜻蜓,1
704,莲子皮,1
705,绿豆沙,1
706,薄荷糖,1
707,花卉,1
708,茭白皮,1
709,桃核,1
710,绿豆,1
711,黄杏核,1
712,肠粉,1
713,鸭腿,1
714,西红柿炒鸡蛋,1
715,莲芯,1
716,海鲜饭,1
717,鸭翅,1
718,茴香,1
719,中草药,1
720,鹅骨头,1
721,润喉糖,1
722,瓜子皮,1
723,蔬菜残余,1
724,叉烧酥,1
725,慧米,1
726,酱料,1
727,杨梅,1
728,豆芽,1
729,猫粮,1
730,成菜,1
731,南瓜皮,1
732,黑鱼,1
733,茘枝核,1
734,油麦菜,1
735,猪肉排骨,1
736,水果皮,1
737,皮,1
738,藕粉,1
739,蘑菇,1
740,速冻水佼,1
741,葵花子壳,1
742,红豆沙,1
743,贡丸,1
744,虾仁,1
745,芒果核,1
746,辣酱,1
747,鲅鱼水佼,1
748,大蒜皮,1
749,鱼皮花生,1
750,火腿肠,1
751,植物枝干,1
752,扁豆,1
753,紫菜,1
754,青豆,1
755,磻茄,1
756,文鱼,1
757,树皮,1
758,藕片,1
759,桔子皮,1
760,拌面,1
761,包子,1
762,木薯淀粉,1
763,大排,1
764,树叶,1
765,凤爪,1
766,高粱皮,1
767,香干,1
768,面团,1
769,伊丽莎白瓜皮,1
770,枯枝,1
771,茶渣,1
772,河豚,1
773,羊角面包,1
774,生鸡蛋壳,1
775,培养基,1
776,海藻,1
777,红豆,1
778,肉类,1
779,火锅渣,1
780,面包屑,1
781,糖藕,1
782,盐水花生壳,1
783,干面粉,1
784,南瓜籽,1
785,金桔籽,1
786,鸡腿菇,1
787,粥,1
788,红辣椒,1
789,甘蔗渣,1
790,话梅肉,1
791,腿汉堡,1
792,百合,1
793,蔬蔾,1
794,肉皮,1
795,西葫芦皮,1
796,西瓜皮,1
797,烤肠,1
798,玉米粒,1
799,油脂,1
800,水果软核,1
801,毛豆梗,1
802,蓝莓,1
803,腐乳,1
804,辣锅巴,1
805,花菜,1
806,多宝鱼骨头,1
807,水蜜桃核,1
808,燕麦片,1
809,墨鱼饭,1
810,沙琪玛,1
811,芥未,1
812,葵花子,1
813,蚌肉,1
814,栗子,1
815,虾线,1
816,干香菇,1
817,蛋挞,1
818,鱼松,1
819,毛豆売,1
820,鸭胸,1
821,基围虹壳,1
822,干花,1
823,西梅,1
824,臭虫,1
825,蒲公英,1
826,卷心菜,1
827,膨化食品,1
828,海苔,1
829,冬笋壳,1
830,牛心菜,1
831,猪肝,1
832,奇异果,1
833,皮蛋,1
834,凉拌黄瓜,1
835,杨桃,1
836,柚子皮,1
837,竹叶,1
838,皮皮虾壳,1
839,蛋黄酥,1
840,薯皮,1
841,蛋白粉,1
842,生姜,1
843,咖啡残渣,1
844,猪排,1
845,田螺壳,1
846,花茶渣,1
847,西葫芦,1
848,废弃调昧品,1
849,兰花豆,1
850,小龙虾肉,1
851,酸辣粉,1
852,海底捞锅底,1
853,花甲粉,1
854,杨枝甘露,1
855,薯条,1
856,西柚,1
857,桂皮,1
858,豆腐,1
859,腐竹,1
860,±豆,1
861,陈皮,1
862,生煎包,1
863,黄桃,1
864,白瓜子,1
865,奥尔良鸡翅,1
866,杏仁,1
867,成蛋白,1
868,盐水花生,1
869,杏核,1
870,沙拉酱,1
871,鸡块,1
872,动物内脏,1
873,猫冻干,1
874,榴莲酥,1
875,奶油,1
876,烤麸,1
877,水煮鱼,1
878,肉夹馍,1
879,蚕豆壳,1
880,胖大海,1
881,海参,1
882,豆苗,1
883,红枣干,1
884,梭子蟹,1
885,剩莱剩饭,1
886,飞饼皮,1
887,树莓,1
888,柿子,1
889,狮子头,1
890,皮蛋壳,1
891,话梅,1
892,面条,1
893,花生壳,1
894,搜,1
895,鹅翅骨,1
896,桃子,1
897,小葱,1
898,柠檬籽,1
899,番茄沙司,1
900,平菇,1
901,瓜子,1
902,湿垃川崎火锅调料,1
903,枇杷核,1
904,鱼饲料,1
905,鸡脚爪,1
906,普洱茶,1
907,香蕉皮,1
908,葡萄梗,1
909,蜗牛壳,1
910,海星,1
911,年糕,1
912,薯片,1
913,鸡皮,1
914,哈密瓜皮,1
915,桂圆干,1
916,杂菜,1
917,鱼,1
918,牲畜粪便,1
919,桃胶,1
920,蛋卷,1
921,鸭内脏,1
922,辣条,1
923,肉松,1
924,枣核,1
925,甲壳虫,1
926,山芋,1
927,杏子核,1
928,油桃核,1
929,姜糖,1
930,最咖喱,1
931,小杨生煎,1
932,西红柿,1
933,杂草,1
934,松子,1
935,金桔,1
936,小汤圆,1
937,洋葱皮,1
938,磻茄炒蛋,1
939,金鱼,1
940,水蜜桃肉,1
941,三文鱼头,1
942,鱼头,1
943,莲藕,1
944,喜糖,1
945,桂花糕,1
946,金银花,1
947,艾草,1
948,小排骨,1
949,辣椒酱,1
950,甜酸酱,1
951,麦片,1
952,火鸡骨头,1
953,鲜虾丸,1
954,海带,1
955,甘蔗,1
956,牛蛙骨,1
957,橘子皮,1
958,冬瓜皮,1
959,最牡丹虾,1
960,奶糕,1
961,干垃花螺,1
962,花蛤肉,1
963,猪肉,1
964,叉烧包,1
965,洋山芋,1
966,成蛋,1
967,老鼠,1
968,爆米花,1
969,馄饨皮,1
970,宠物饲料,1
971,「虾球,1
972,香肠,1
973,干垃蛤肉,1
974,汉堡,1
975,金针菇,1
976,开心果,1
977,梅干菜肉,1
978,话梅干,1
979,牡丹花,1
980,蛋黄派,1
981,灌汤包,1
982,香芋派,1
983,玉米纤维袋,1
984,冷佽,1
985,干脆面,1
986,绿豆渣,1
987,扇贝肉,1
988,白煮蛋,1
989,雪花酥,1
990,甜趣饼干,1
991,鱼鱗,1
992,辣椒油,1
993,琴弦,2
994,遮光布,2
995,香囊,2
996,光,2
997,中药包,2
998,碗碎片,2
999,牛皮筋,2
1000,双面胶,2
1001,手帕,2
1002,竹凉席,2
1003,吸奶器,2
1004,塑料袋,2
1005,防碎气泡膜,2
1006,炉渣,2
1007,塑料叉子,2
1008,贲雾瓶,2
1009,沾有油渍的食品包装袋,2
1010,水果罐,2
1011,潓纸,2
1012,快递包装袋,2
1013,可擦性水笔,2
1014,糖包,2
1015,口香糖,2
1016,绿豆包装,2
1017,火烟丝,2
1018,碧根果壳,2
1019,一次性棉签,2
1020,标签纸,2
1021,干垃5号电池(无汞),2
1022,酸奶勺子,2
1023,牙膏皮,2
1024,去黑头鼻贴,2
1025,身体乳,2
1026,白板笔,2
1027,烤串棒,2
1028,捆绑带,2
1029,过期防晒霜,2
1030,智齿,2
1031,塑料垃圾袋,2
1032,珍宝蟹,2
1033,洗衣粉袋,2
1034,一次性塑料滴管,2
1035,橡皮屑,2
1036,麻袋,2
1037,艾草灰,2
1038,麦当劳纸盒,2
1039,保鲜冰袋,2
1040,最羊大骨,2
1041,巧5克力包装袋,2
1042,瓷勺,2
1043,早餐奶包装袋,2
1044,泡脚袋,2
1045,眼线液笔,2
1046,干垃场香烟,2
1047,气球,2
1048,带油抹布,2
1049,湿报纸,2
1050,酸奶吸管,2
1051,快餐盒,2
1052,内衣,2
1053,口罩,2
1054,过期护肤品,2
1055,醋包,2
1056,保鲜膜,2
1057,退热贴,2
1058,丙烯颜料,2
1059,方便面叉子,2
1060,葡萄酒木塞,2
1061,抽纸塑料袋,2
1062,双眼皮贴,2
1063,保湿喷雾,2
1064,刘海夹,2
1065,脏抹布,2
1066,一次性床单,2
1067,蟑螂板,2
1068,挂钩包装纸,2
1069,成人用品,2
1070,水果包装袋,2
1071,毛笔写过的纸,2
1072,快递袋,2
1073,水贴,2
1074,胶画,2
1075,洗衣粉,2
1076,卸妆纸巾,2
1077,喜茶杯,2
1078,干垃丝袜,2
1079,扇子,2
1080,奶茶杯,2
1081,吉他弦,2
1082,卸妆膏,2
1083,发夹,2
1084,拖把,2
1085,一次性指套,2
1086,水笔笔芯,2
1087,黑镜,2
1088,水笔,2
1089,一次性竹筷子,2
1090,菖蒲叶,2
1091,鸟窝,2
1092,花蛤,2
1093,纸巾包装袋,2
1094,鼻屎,2
1095,橡皮泥,2
1096,蛏子壳,2
1097,饼干袋,2
1098,忺料瓶标签,2
1099,包裏着蚊子的餐巾纸,2
1100,笔壳,2
1101,艾灸条,2
1102,发膜罐,2
1103,生煎包装盒,2
1104,面膜,2
1105,挂耳茶包,2
1106,园艺土,2
1107,茶壸,2
1108,KFC全家桶,2
1109,陶器,2
1110,山核桃壳,2
1111,擦过鼻涕的纸巾,2
1112,鱼缸过滤棉,2
1113,一次性餐盒,2
1114,油皮纤,2
1115,桌角垫,2
1116,粘毛滚纸,2
1117,凉席,2
1118,水彩颜料,2
1119,下垃级毛,2
1120,胡须,2
1121,方便面盒,2
1122,蛋黄酥包装盒,2
1123,下垃圾马克笔,2
1124,雪糕棒,2
1125,陶瓷类废弃物,2
1126,烧烤木签,2
1127,香薰蜡烛,2
1128,破碎盘子,2
1129,眼贴膜,2
1130,使用过的面膜,2
1131,商标,2
1132,牙套,2
1133,披萨盒,2
1134,调制海藻面膜,2
1135,垃圾袋,2
1136,身体污垢,2
1137,羊骨,2
1138,盛放厨余果皮的垃圾袋,2
1139,油性笔,2
1140,兟衣凝珠,2
1141,外壶朔원슬,2
1142,酸奶勺,2
1143,藤条,2
1144,陶瓷碗碟,2
1145,近视眼镜,2
1146,椰青壳,2
1147,鸭脖包装袋,2
1148,酒精棉球,2
1149,干冰袋,2
1150,一次性手套,2
1151,洗头膏,2
1152,狗屎垫,2
1153,发胶,2
1154,茶包,2
1155,橡胶手套,2
1156,辣条真空包装袋,2
1157,湿厕纸包装袋,2
1158,胶布,2
1159,压敏纸,2
1160,明信片,2
1161,汉堡纸,2
1162,干燥剂,2
1163,胶带,2
1164,防震膜,2
1165,键盘清洁胶,2
1166,光盘,2
1167,方便面油包,2
1168,睫毛膏,2
1169,痘痘贴,2
1170,肉类包装盒,2
1171,妇女卫生用品,2
1172,自嗨锅,2
1173,一次性调羹,2
1174,雷永毫 2019-07-17 10:17:40,2
1175,塑料打包盒,2
1176,三角裤,2
1177,内裤,2
1178,玉米皮,2
1179,稻草,2
1180,挂式除湿袋,2
1181,大块骨头,2
1182,砂纸,2
1183,牛奶袋,2
1184,中药盒,2
1185,擦碗布,2
1186,牙线,2
1187,演唱会票,2
1188,炼乳壳,2
1189,紫秒壶,2
1190,烘培锡纸,2
1191,电蚊香片,2
1192,冰淇淋纸,2
1193,胸针,2
1194,尼龙制品,2
1195,最冻干粉面膜,2
1196,文始壳,2
1197,柳絮,2
1198,咖啡胶囊,2
1199,活性炭包,2
1200,活性炭,2
1201,牡蛎壳,2
1202,护肤品,2
1203,唱片,2
1204,牛骨棒,2
1205,蚊香灰,2
1206,电蚊香液瓶,2
1207,寄居蟹,2
1208,贴纸,2
1209,回形针,2
1210,石锅,2
1211,包裏着鸡蛋壳的餐巾纸,2
1212,电话卡,2
1213,一次性塑料调羮,2
1214,塑料吸管,2
1215,眉毛,2
1216,陶瓷杯,2
1217,冰淇淋盒子,2
1218,外卖饭盒,2
1219,脱酸素剂,2
1220,丝瓜筋,2
1221,泡泡糖,2
1222,矿泉水包装膜,2
1223,按摩精油,2
1224,猪腿骨,2
1225,碱性电池,2
1226,骨瓷杯,2
1227,轵膜撕拉面膜,2
1228,串串竹签,2
1229,铅笔,2
1230,外卖纸盒,2
1231,塑料外卖盒,2
1232,发票,2
1233,吸油纸,2
1234,兔毛,2
1235,绳子,2
1236,防冻液桶,2
1237,打包盒,2
1238,大骨,2
1239,食品干燥剂,2
1240,包裏着狗屎的塑料袋,2
1241,下水道淤泥,2
1242,鸭毛,2
1243,纱布,2
1244,针头,2
1245,肉夹馍袋子,2
1246,头,2
1247,草纸,2
1248,避孕套包装,2
1249,磨砂膏,2
1250,竹牙签,2
1251,锡纸盘,2
1252,牙签,2
1253,雨刮器,2
1254,铅笔屑,2
1255,小石头,2
1256,毛衣针,2
1257,红茶包,2
1258,纸巾袋,2
1259,木糖醇口香糖,2
1260,粘尘纸,2
1261,甲鱼壳,2
1262,一次性塑料浴帽,2
1263,防腐剂,2
1264,豆腐盒,2
1265,一次性塑料袋,2
1266,使用过的卫生巾,2
1267,指甲锉,2
1268,香烛,2
1269,母乳皂,2
1270,防晒喷雾,2
1271,墨囊,2
1272,废弃的纸张,2
1273,鹅毛,2
1274,成人尿不湿,2
1275,棉球,2
1276,无法再生的纸张,2
1277,泡面勺子,2
1278,豆浆包装袋,2
1279,彩色铅笔,2
1280,包裏着鼻屎的纸巾,2
1281,关东煮纸杯,2
1282,沾染香精的纸巾,2
1283,墙纸,2
1284,丢进了烟头的矿泉水瓶,2
1285,蚊香架,2
1286,气泡纸,2
1287,内衣裤,2
1288,便利贴,2
1289,自热包,2
1290,塑料勺,2
1291,麻将牌,2
1292,防蚊手环,2
1293,染色头发,2
1294,隐形眼镜护理液,2
1295,面具,2
1296,甜芦粟皮,2
1297,雅漾喷雾瓶,2
1298,洗碗布,2
1299,脏卸妆棉,2
1300,废机油,2
1301,胶嚢咖啡,2
1302,纸咖啡杯,2
1303,垃级粉底,2
1304,最藕粉包装袋,2
1305,过潓袋,2
1306,自煮火锅盒,2
1307,黄油包装纸,2
1308,席子,2
1309,美妆蛋,2
1310,订书机钉,2
1311,木屑,2
1312,橡皮,2
1313,头屑,2
1314,贝壳,2
1315,Pocky包装袋,2
1316,修眉刀,2
1317,吸管薄膜,2
1318,美瞳,2
1319,渣土,2
1320,碳性电池,2
1321,氢气球,2
1322,铅笔芯,2
1323,搪瓷碗,2
1324,水笔芯,2
1325,面条包装纸,2
1326,污损塑料袋,2
1327,外卖塑料袋,2
1328,灭蚊灯,2
1329,咖啡滤纸,2
1330,塑料牙签,2
1331,免水洗发喷,2
1332,肥料,2
1333,布面鼠标垫,2
1334,光碟包,2
1335,硅胶槙具,2
1336,零食真空包装袋,2
1337,酸奶杯盖,2
1338,青蟹壳,2
1339,磨脚皮器,2
1340,安全套包装袋,2
1341,包裏着泡泡糖的纸巾,2
1342,外卖袋,2
1343,陶瓷烟灰缸,2
1344,撕裂带,2
1345,泳裤,2
1346,一次性伞套,2
1347,面纸,2
1348,废弃食品袋,2
1349,蒸汽眼罩,2
1350,泳帽,2
1351,带有婴儿粪便的尿不湿,2
1352,棒冰棍,2
1353,眼镜架,2
1354,冰淇淋纸杯,2
1355,矿泉水瓶标签,2
1356,厨房用纸,2
1357,火腿肠包装纸,2
1358,马桶垫,2
1359,食品脱氧剂,2
1360,固体胶,2
1361,受污染的纸,2
1362,除湿盒,2
1363,一次性尿布,2
1364,纸巾,2
1365,枕巾,2
1366,毛,2
1367,验孕棒,2
1368,一次性纸杯,2
1369,冷佽包装纸,2
1370,榴莲核,2
1371,一次性洗脸巾,2
1372,滤网,2
1373,茶叶包,2
1374,星巴克咖啡杯,2
1375,气泡袋,2
1376,绣花针,2
1377,眉笔,2
1378,平角裤,2
1379,蜡烛铝壳,2
1380,壁纸,2
1381,卷筒纸,2
1382,织物,2
1383,性纸内裤,2
1384,必胜客纸盒,2
1385,中药包装,2
1386,油污湿巾纸,2
1387,桶装方便面包装,2
1388,尿片,2
1389,百洁布,2
1390,包子墊纸,2
1391,自热火锅加热包,2
1392,冷饮棒,2
1393,豆干包装袋,2
1394,乳垫,2
1395,抹布,2
1396,手机绳,2
1397,碧然德过滤芯,2
1398,泥土,2
1399,一次性口罩,2
1400,粘纸,2
1401,化妆品密封塑料膜,2
1402,外卖餐具,2
1403,生蚝壳,2
1404,安全套,2
1405,水饺包装袋,2
1406,圆珠笔芯,2
1407,牛肋骨,2
1408,咖啡搅拌棒,2
1409,假发,2
1410,快递贴纸,2
1411,香皂,2
1412,竹篮,2
1413,发热包,2
1414,眼屎,2
1415,纸巾外包装,2
1416,头发,2
1417,湿尿片,2
1418,姨妈巾,2
1419,防蚊贴,2
1420,泳镜,2
1421,净化器滤芯,2
1422,干草,2
1423,胶水,2
1424,驱蚊贴,2
1425,尘土,2
1426,糖果皮,2
1427,刮眉刀,2
1428,艾灸,2
1429,酱油包装袋,2
1430,婴幼儿纸尿裤,2
1431,网球,2
1432,玻璃胶,2
1433,烘培纸,2
1434,松紧带,2
1435,香烟盒塑料膜,2
1436,太阳眼镜,2
1437,润肤乳,2
1438,天天坚果包装袋,2
1439,太空沙,2
1440,塑料刷子,2
1441,雨衣,2
1442,卫生棉条,2
1443,宣纸,2
1444,头饰,2
1445,海胆壳,2
1446,笔袋,2
1447,果冻包装袋,2
1448,装蔬菜的塑料袋,2
1449,调料袋,2
1450,干草包装袋,2
1451,脱毛膏,2
1452,蛋挞锡纸盒,2
1453,驱蚊香片,2
1454,纸皮核桃,2
1455,颜料,2
1456,风油精,2
1457,保鲜袋,2
1458,条码纸,2
1459,日毛巾,2
1460,泳衣,2
1461,洁面摩丝,2
1462,鼻涕纸,2
1463,缝衣针,2
1464,退烧贴,2
1465,火柴盒,2
1466,避孕套包装盒,2
1467,蟑螂贴,2
1468,地板蜡,2
1469,泡泡糖包装纸,2
1470,长寿果壳,2
1471,牛仔骨,2
1472,麦片小包装袋,2
1473,手机壳,2
1474,锡箔,2
1475,香烟头,2
1476,湿洗脸巾,2
1477,浴擦,2
1478,马夹袋,2
1479,空调潓芯,2
1480,墙灰,2
1481,一次性保鲜膜,2
1482,色杯盒子,2
1483,湿抹布,2
1484,牙刷,2
1485,慢头垫纸,2
1486,火车票,2
1487,食品塑料盒,2
1488,日口罩,2
1489,大头钉,2
1490,碎碗,2
1491,砂锅,2
1492,过期化妆品,2
1493,婴儿尿布,2
1494,湿烟头,2
1495,眼影,2
1496,卫生纸,2
1497,牛骨,2
1498,鞋擦,2
1499,方便面调味包,2
1500,香薰球,2
1501,日牙刷,2
1502,丁字裤,2
1503,快递盒內防撞包,2
1504,破旧陶瓷品,2
1505,粉笔,2
1506,海绵,2
1507,KFC纸盒,2
1508,动物毛,2
1509,吸湿剂,2
1510,润唇,2
1511,气泡垫,2
1512,海绵蛋,2
1513,文胸,2
1514,指甲片,2
1515,青口贝,2
1516,蜡烛包装,2
1517,酒精棉花,2
1518,蔬菜包装袋,2
1519,一次性方便筷,2
1520,陶瓷花盆,2
1521,辅食泥包装袋,2
1522,磁带,2
1523,水晶猫砂,2
1524,圾隐形眼镜盒,2
1525,眼镜框,2
1526,瑞幸咖啡杯,2
1527,笔套,2
1528,纸尿裤,2
1529,奶粉盖,2
1530,腳踏板,2
1531,下垃级便条贴,2
1532,湿卫生纸,2
1533,水槽滤网,2
1534,一次性雨衣,2
1535,纸饭盒,2
1536,泡面袋,2
1537,车票,2
1538,石膏,2
1539,闪粉,2
1540,N次贴,2
1541,棒,2
1542,亮片,2
1543,猫毛,2
1544,一次性拖鞋,2
1545,护理垫,2
1546,沾染油烟机油的纸巾,2
1547,胭脂,2
1548,吸尘器灰尘,2
1549,手机链,2
1550,毛发,2
1551,老鼠夹,2
1552,手垃级資酒版,2
1553,鲍鱼壳,2
1554,玉米衣,2
1555,沙拉袋,2
1556,木塞,2
1557,宗子皮,2
1558,湿毛发,2
1559,牛肉干包装,2
1560,厨房手套,2
1561,记号笔,2
1562,内衣包装袋,2
1563,泡沫饭盒,2
1564,储奶袋,2
1565,包悪着猫屎的塑料袋,2
1566,吸管塑料包装,2
1567,足浴袋,2
1568,眼镜盒,2
1569,有色垃圾袋,2
1570,湿垃火柴,2
1571,尿垫,2
1572,老花眼镜,2
1573,搪瓷杯,2
1574,热饮杯盖,2
1575,中性笔笔芯,2
1576,碘酒棉球,2
1577,蛋糕包装袋,2
1578,花篮,2
1579,订书钉,2
1580,脏椰奶盒,2
1581,毛笔,2
1582,卻妆棉,2
1583,拼图,2
1584,摩丝罐,2
1585,榴莲壳,2
1586,马克杯,2
1587,粘虫板,2
1588,手垃级机油,2
1589,蚊香片,2
1590,护发精油,2
1591,发带,2
1592,粉底液,2
1593,纱窗,2
1594,大头针,2
1595,杯子,2
1596,灰土,2
1597,硅藻泥,2
1598,巴黎水盖,2
1599,纹身贴,2
1600,坏的花盆,2
1601,冰淇淋包装袋,2
1602,一次性冰淇淋挖勺,2
1603,面粉袋,2
1604,面包袋,2
1605,牛尾骨头,2
1606,牙膏,2
1607,薯片盒,2
1608,猫餐盒,2
1609,滤尘袋,2
1610,肥皂,2
1611,便纸,2
1612,养乐多盖,2
1613,榛子壳,2
1614,甘蔗皮,2
1615,剃须泡沬罐,2
1616,广告颜料,2
1617,发泡网,2
1618,印章,2
1619,逗猫棒,2
1620,坛子,2
1621,一次性塑料鞋套,2
1622,一次性小勺,2
1623,膨化食品包装袋,2
1624,假毛,2
1625,花甲,2
1626,锡箔灰,2
1627,笔杄,2
1628,头绳,2
1629,颜料盒,2
1630,干垃场卸牧水,2
1631,蛋糕塑料包裝袋,2
1632,蛤蜊壳,2
1633,钮扣,2
1634,爆米花桶,2
1635,竹炭包,2
1636,硅胶猫砂,2
1637,乐乐茶杯,2
1638,一次性打火机,2
1639,吸管,2
1640,雨伞套带,2
1641,牛尾骨,2
1642,奶茶盖,2
1643,魔芋粉包装袋,2
1644,化妆镜,2
1645,烟嘴过速器,2
1646,装修废弃物,2
1647,挂耳咖啡,2
1648,湿面巾纸,2
1649,眼镜布,2
1650,织带,2
1651,做章,2
1652,浴沙,2
1653,粽子皮,2
1654,密封袋,2
1655,可爱多包装纸,2
1656,运动手环,2
1657,圆珠笔,2
1658,镇钢丝球,2
1659,滴漏式咖啡,2
1660,带子壳,2
1661,电子烟烟弹,2
1662,象棋,2
1663,水彩笔,2
1664,黑板擦,2
1665,丝袜,2
1666,唇釉,2
1667,陶泥,2
1668,餐饮外卖盒,2
1669,干电池(无汞),2
1670,风油精瓶,2
1671,使用过的安全套,2
1672,水果网套,2
1673,美白牙素,2
1674,狗尿垫,2
1675,串串纸杯,2
1676,纸质包装袋,2
1677,椰子壳,2
1678,棉花球,2
1679,防霉防蛀片,2
1680,塑料挂钩,2
1681,护眼贴,2
1682,电影票,2
1683,包裏着猫屎的膨润土猫砂,2
1684,自动铅笔笔芯,2
1685,外卖盒子,2
1686,脏污衣服,2
1687,蔬菜包装盒,2
1688,牙贴,2
1689,三明治包装盒,2
1690,文件袋,2
1691,芥末包装,2
1692,雨披,2
1693,宠物毛,2
1694,针筒包装,2
1695,牛排包装,2
1696,除尘贴,2
1697,鞭炮,2
1698,卫生巾外层薄塑纸,2
1699,芦荟胶,2
1700,KFC食物包装,2
1701,脏卫生巾,2
1702,中性笔,2
1703,棉麻袋,2
1704,卫生,2
1705,快递单,2
1706,拨筋棒,2
1707,星巴克塑料杯,2
1708,速冻食品包装,2
1709,筷子,2
1710,水果塑料盒,2
1711,粉饼,2
1712,海藻面膜,2
1713,卻妆乳瓶,2
1714,一次性內裤,2
1715,豆浆杯,2
1716,夏威夷果壳,2
1717,荷兰猪毛,2
1718,酒粕面膜,2
1719,美甲片,2
1720,防晒霜,2
1721,草席,2
1722,瓷器碎片,2
1723,花甲克,2
1724,羊肉骨头,2
1725,水粉颜料,2
1726,喝过的奶茶杯子,2
1727,花束包装纸,2
1728,开心果壳,2
1729,眼膜,2
1730,擦手纸,2
1731,下垃级湿巾红,2
1732,驱蚊手环,2
1733,香肠壳,2
1734,成分复杂的制品,2
1735,艾灸渣,2
1736,曲别针,2
1737,清凉贴,2
1738,爽身粉,2
1739,气泡膜,2
1740,测排卵试纸,2
1741,茶叶蛋料包,2
1742,晾衣夹,2
1743,液体胶,2
1744,面膜包装袋,2
1745,抹茶包装袋,2
1746,脏牛奶盒,2
1747,香袋,2
1748,护手霜,2
1749,陶瓷制品,2
1750,中药塑料包装袋,2
1751,纸质外卖盒,2
1752,一次性杯子,2
1753,鸡排纸袋,2
1754,勺子包装袋,2
1755,浴巾,2
1756,滴管,2
1757,瓷碎片,2
1758,口红,2
1759,日镜子,2
1760,泥巴,2
1761,气垫BB霜,2
1762,干冰,2
1763,吸管纸质包装,2
1764,榨菜袋,2
1765,被污染的垃圾袋,2
1766,羽毛球,2
1767,湿塑料袋,2
1768,硅廢玩具,2
1769,老鼠贴,2
1770,太阳镜,2
1771,核桃壳,2
1772,烫发剂壳,2
1773,彐帚,2
1774,袋,2
1775,胶带纸,2
1776,玩偶夹,2
1777,塑料糖纸,2
1778,针管,2
1779,橡皮筋,2
1780,塑料薄膜,2
1781,湿纸巾包装袋,2
1782,棉绳,2
1783,隠形眼镜,2
1784,灰尘,2
1785,皮肤角质,2
1786,脱氧保鲜剂,2
1787,磻茄酱包装袋,2
1788,化妆刷,2
1789,碳包,2
1790,果冻壳,2
1791,湿纸巾包装,2
1792,粘鼠板,2
1793,创口贴,2
1794,最彩泥,2
1795,一次性塑料餐盒,2
1796,外卖塑料盒,2
1797,菠萝蜜核,2
1798,空气清新剂罐,2
1799,钢笔,2
1800,脏纸尿裤,2
1801,牙壳,2
1802,气垫膜,2
1803,胶棒,2
1804,吸味剂,2
1805,腋毛,2
1806,猫粮包装袋,2
1807,修正液,2
1808,手机膜,2
1809,猪骨头,2
1810,陶瓷花瓶,2
1811,陶瓷盘子,2
1812,墩一次性餐具包装,2
1813,薯条盒,2
1814,洗衣液包装袋,2
1815,烧烤锡纸,2
1816,湿厕纸,2
1817,软木塞,2
1818,青草膏,2
1819,腳趾甲,2
1820,围棋,2
1821,棒棒糖棒子,2
1822,油条包装袋,2
1823,区吐物纸巾,2
1824,一次性剃须刀片,2
1825,清洁球,2
1826,脚圈骨头,2
1827,乌龟壳,2
1828,雪糕盒,2
1829,透明打包盒,2
1830,最泡面调料包,2
1831,发蜡,2
1832,粉尘,2
1833,豆浆,2
1834,擦手巾,2
1835,假牙,2
1836,面巾纸,2
1837,污渍纸巾,2
1838,双面廢,2
1839,橡胶制品,2
1840,牙线棒,2
1841,塑料咖啡杯,2
1842,防水纸袋,2
1843,一次性用品,2
1844,游泳眼镜,2
1845,一次性筷子,2
1846,潓挂咖啡,2
1847,酒精棉片,2
1848,蜡油,2
1849,一次性咖啡纸杯,2
1850,乒乓球,2
1851,泡面桶,2
1852,下水道杂物,2
1853,干垃奶嘴,2
1854,早餐粥盒,2
1855,化妆棉,2
1856,七粉包装袋,2
1857,湿餐巾纸,2
1858,水槽过滤网,2
1859,绵柔巾,2
1860,牙签塑料盒,2
1861,棉花,2
1862,棉花棒,2
1863,可乐纸杯,2
1864,污损纸张,2
1865,眼镜,2
1866,减震泡泡膜,2
1867,豆浆杯盖,2
1868,面膜外层纸,2
1869,硅胶手环,2
1870,有害三只松鼠真空包装袋,2
1871,牛骨头,2
1872,芦苇叶,2
1873,女士香烟,2
1874,方便面桶,2
1875,苍蝇拍,2
1876,牙齿,2
1877,包裏着鼻涕的纸巾,2
1878,黑胆,2
1879,宠物尿垫,2
1880,酒精棉签,2
1881,油画颜料软管,2
1882,调色板,2
1883,蹄膀骨头,2
1884,蜡烛塑料模,2
1885,脏玻璃瓶,2
1886,冰棒皮,2
1887,煤渣,2
1888,复写纸,2
1889,拉链,2
1890,画笔,2
1891,液体蚊香瓶,2
1892,外卖餐盒,2
1893,明治包装纸,2
1894,喷绘布,2
1895,羊腿骨,2
1896,蜡笔,2
1897,荧光笔,2
1898,棉棒,2
1899,薯条包装袋,2
1900,浆糊,2
1901,封箱带,2
1902,棒骨,2
1903,7号电池(无汞,2
1904,粽叶,2
1905,浴花,2
1906,湿纸箱,2
1907,面条包装袋,2
1908,爆竹,2
1909,包裏着西瓜籽的纸巾,2
1910,调料包,2
1911,卫生护垫,2
1912,鸽毛,2
1913,消毒片,2
1914,牛腿骨,2
1915,眼线笔,2
1916,苍蝇贴,2
1917,打火机,2
1918,扱冰袋,2
1919,蜡烛,2
1920,米枚,2
1921,咖啡棒,2
1922,滤芯,2
1923,锡纸饭盒,2
1924,鸡毛,2
1925,牛肉干真空包装袋,2
1926,海绵粉扑,2
1927,卷笔刀,2
1928,彩笔,2
1929,眼线液,2
1930,冰棒外包装,2
1931,竹制品,2
1932,电动牙刷刷头,2
1933,睫毛,2
1934,脏卫生纸,2
1935,机票,2
1936,羽毛,2
1937,红酒塞,2
1938,鞋油,2
1939,仓鼠垫料,2
1940,白头发,2
1941,毽子,2
1942,贴,2
1943,一次性塑料勺子,2
1944,一次性电子烟,2
1945,菜板,2
1946,湿垃域洗涤液包装袋,2
1947,鼻毛,2
1948,大龙虾,2
1949,千固体清香剂,2
1950,镜子,2
1951,干脆面包装袋,2
1952,猫咪饮水器,2
1953,耳屎,2
1954,不干胶纸,2
1955,牛肉骨头,2
1956,塑料带,2
1957,脏纸巾,2
1958,扇贝壳,2
1959,咖啡豆包装袋,2
1960,订书针,2
1961,醋袋,2
1962,鼻贴,2
1963,白板擦,2
1964,编织袋,2
1965,纸胶带,2
1966,受污染的塑料制品,2
1967,乳胶,2
1968,大肉骨头,2
1969,糖纸,2
1970,污染废纸,2
1971,塑料笔杆,2
1972,厨房纸巾,2
1973,别针,2
1974,包裏着囗香糖的纸巾,2
1975,标签,2
1976,油污纸,2
1977,雪糕包装袋,2
1978,签字笔,2
1979,污染较严重的纸,2
1980,千扭蛋外壳,2
1981,发箍,2
1982,烟盒內锡纸,2
1983,咖啡杯杯盖,2
1984,大龙虾壳,2
1985,吸油面纸,2
1986,烟灰,2
1987,蛋糕袋,2
1988,除湿袋,2
1989,1号电池(无汞,2
1990,蚊香,2
1991,湿垃,2
1992,湿茶包,2
1993,陈衣绳,2
1994,防油纸,2
1995,方便面包装袋,2
1996,棉签,2
1997,蝴蝶结,2
1998,暖宝宝贴,2
1999,永生花,2
2000,一次性叉子,2
2001,一次性便当盒,2
2002,卫生巾包装袋,2
2003,陶瓷刀,2
2004,湿海绵,2
2005,食品密封袋,2
2006,硬壳,2
2007,修正带,2
2008,麻绳,2
2009,来伊份真空包装袋,2
2010,酱油袋,2
2011,iPad保护壳,2
2012,线,2
2013,轻质彩泥,2
2014,冰垫,2
2015,下垃级便签,2
2016,PH试纸,2
2017,瓦片,2
2018,饭团包装,2
2019,花盆,2
2020,花蛤壳,2
2021,胶纸,2
2022,冰袋,2
2023,冰棒棍,2
2024,美瞳包装,2
2025,炸鸡包装袋,2
2026,飞机杯,2
2027,清洁抹布,2
2028,冷饮包装,2
2029,不二家棒棒糖纸杄,2
2030,扫把,2
2031,奶粉勺子,2
2032,面巾纸包装纸,2
2033,鹵料包,2
2034,塑料调色盘,2
2035,毛刷,2
2036,耳塞,2
2037,一次性汤勺,2
2038,粽子包裏绳,2
2039,除湿包,2
2040,花卉肥料,2
2041,盆子,2
2042,灭蚊片,2
2043,肥自,2
2044,糖浆包,2
2045,包裏着狗屎的餐巾纸,2
2046,最帯胶制品,2
2047,干发巾,2
2048,奶粉袋,2
2049,香肠包装袋,2
2050,白泥面膜,2
2051,棉线,2
2052,烧烤竹签,2
2053,速溶咖啡包装,2
2054,黏士,2
2055,污染纸张,2
2056,薯片罐,2
2057,最香烟灰,2
2058,荧光棒,2
2059,仓鼠垫沙,2
2060,棉柔巾,2
2061,一次性塑料盘,2
2062,登机牌,2
2063,橡胶,2
2064,卫生巾外包装,2
2065,陶土花瓶,2
2066,踏脚板,2
2067,零食包装袋,2
2068,下垃级在夹,2
2069,衣服包装袋,2
2070,冰箱贴,2
2071,沐浴球,2
2072,胸罩,2
2073,雪糕袋,2
2074,凉垫,2
2075,海绵条,2
2076,方便面菜包,2
2077,肯德基番茄酱包装袋,2
2078,化枚蛋,2
2079,中药面膜,2
2080,弹力球,2
2081,针筒,2
2082,注射器,2
2083,营养土,2
2084,红笔,2
2085,「湿头发,2
2086,牙刷头,2
2087,尺,2
2088,卫生巾,2
2089,标贴,2
2090,消毒棉,2
2091,牛油果核,2
2092,卫生卷纸,2
2093,塑料绳,2
2094,粉扑,2
2095,早餐塑料袋,2
2096,羊肉串棒,2
2097,被油污污染过的报纸,2
2098,膨润土貓砂,2
2099,玉米叶,2
2100,包子垫纸,2
2101,包装带,2
2102,凝胶,2
2103,湿木屑,2
2104,保冷剂,2
2105,帝王蟹壳,2
2106,带有婴儿粪便的纸尿裤,2
2107,河蚌壳,2
2108,木屑猫砂,2
2109,装过的塑料袋,2
2110,牙刷包装,2
2111,风筝,2
2112,圣代塑料包装,2
2113,一次性塑料杯,2
2114,粉饼盒,2
2115,羊蝎子,2
2116,锡箔餐盒,2
2117,透明胶,2
2118,混合猫砂,2
2119,一次性纸餐盘,2
2120,棒冰包装袋,2
2121,袋泡茶,2
2122,饼干包装袋,2
2123,一次性塑料手套,2
2124,粘蝇纸,2
2125,包裏着狗屎的报纸,2
2126,有害拉圾盐包装袋,2
2127,碎纸屑,2
2128,垃级脚红,2
2129,巧5克力锡纸,2
2130,日抛,2
2131,海螺壳,2
2132,小纸屑,2
2133,脱氧剂,2
2134,胶,2
2135,胡渣,2
2136,发卡,2
2137,中药袋,2
2138,狗毛,2
2139,脚皮,2
2140,假睫毛胶水,2
2141,大米袋,2
2142,补水喷雾,2
2143,油画颜料,2
2144,生物冰袋,2
2145,烟蒂,2
2146,洗脸巾,2
2147,纳米海绵,2
2148,乐事薯片盒,2
2149,搓澡巾,2
2150,宠物饲料包装袋,2
2151,避孕套,2
2152,千氢肉棒包装,2
2153,湿纸巾,2
2154,除湿剂,2
2155,塑封袋,2
2156,沙拉盒,2
2157,跳绳,2
2158,相册,2
2159,奶茶塑料盖,2
2160,芝麻糊包装袋,2
2161,液体蚊香,2
2162,生日蜡烛,2
2163,草木灰,2
2164,染发剂包装盒,2
2165,清扫渣土,2
2166,千食品保鲜袋,2
2167,足贴,2
2168,青蟹,2
2169,暖宝宝,2
2170,牛棒骨,2
2171,奶茶纸杯,2
2172,卷筒纸外包装,2
2173,挂钩,2
2174,卫生间用纸,2
2175,组扣(少量),2
2176,奶茶塑料杯,2
2177,木叉子,2
2178,猫窝,2
2179,印泥,2
2180,下垃级蜡笔,2
2181,旧内衣,2
2182,过期口红,2
2183,茶叶包装袋,2
2184,水箱贴,2
2185,厕纸包装袋,2
2186,薯片真空包装袋,2
2187,A44纸包装袋,2
2188,包裹着狗屎的纸巾,2
2189,瀌瑕膏,2
2190,塑料花,2
2191,砚台,2
2192,包裏着痰的纸巾,2
2193,全棉时代纸巾,2
2194,眉粉,2
2195,鼠标垫,2
2196,防潮袋,2
2197,雪糕棍,2
2198,碟片,2
2199,马桶刷,2
2200,胸贴,2
2201,散粉,2
2202,口红盒,2
2203,高度碎纸机处理的碎纸,2
2204,隔离霜,2
2205,油画刷,2
2206,五子棋,2
2207,干垃场竹篮子,2
2208,一次性餐具,2
2209,干净无油食品包装袋,2
2210,「电纹香片,2
2211,塑料表带,2
2212,湿灰尘,2
2213,酸奶袋,2
2214,手垃级冰室贴,2
2215,超市塑料袋,2
2216,腳指甲盖,2
2217,证件塑料壳,2
2218,辣条包装袋,2
2219,香肠竹签,2
2220,头皮屑,2
2221,手指甲,2
2222,纸质吸管,2
2223,橡皮擦,2
2224,홈片袋,2
2225,扣子,2
2226,眼部精华胶囊,2
2227,白砂糖包装袋,2
2228,丝丝绸,3
2229,水饺塑料盒,3
2230,泡沫板,3
2231,购物小票,3
2232,说明书,3
2233,保温瓶,3
2234,地毯,3
2235,染发剂说明书,3
2236,书本,3
2237,不锈钢勺子,3
2238,打印机色带,3
2239,打底裤,3
2240,铃铛,3
2241,纸牌,3
2242,被套,3
2243,纯甄牛奶盒,3
2244,科沃斯扫地机,3
2245,SK2瓶,3
2246,芯片,3
2247,忺料瓶,3
2248,地铁票,3
2249,簸箕,3
2250,旧鞋子,3
2251,汽车模型,3
2252,气泡缓冲材料,3
2253,塑料锅铲,3
2254,水果网套,3
2255,蒸笼,3
2256,T恤,3
2257,背包,3
2258,水龙头,3
2259,塑料卡片,3
2260,皮夹,3
2261,银行卡,3
2262,玩具塑料盒,3
2263,钉子,3
2264,运动帽,3
2265,木积木,3
2266,热水瓶胆,3
2267,百叶窗,3
2268,刀片,3
2269,香薰玻璃舾,3
2270,蜂蜜柚子荼玻璃罐,3
2271,羽毛球拍,3
2272,电脑,3
2273,啤酒罐,3
2274,宣传单,3
2275,鞋垫,3
2276,废报纸,3
2277,卷筒纸芯,3
2278,钢化玻璃,3
2279,移动硬盘,3
2280,可乐瓶,3
2281,线路板,3
2282,奢侈品包,3
2283,钥匙,3
2284,收音机,3
2285,木棒,3
2286,银行账单,3
2287,手机屏,3
2288,吸铁石,3
2289,铁衣架,3
2290,电蚊拍,3
2291,过潓网,3
2292,铝盒,3
2293,巴黎水玻璃瓶,3
2294,塑料垃圾桶,3
2295,铅丝,3
2296,铅球,3
2297,塑料晾衣杄,3
2298,电瓶车防晒垫,3
2299,玻璃罐,3
2300,KFC纸袋,3
2301,摄像头,3
2302,塑料梳子,3
2303,乐高玩具,3
2304,纸质礼品盒,3
2305,木条,3
2306,地漏,3
2307,玻璃碎片,3
2308,鼠标,3
2309,磁力贴,3
2310,雪弗板,3
2311,钻石,3
2312,传真机,3
2313,节能灯插座,3
2314,健身器材,3
2315,糖果罐,3
2316,弹簧,3
2317,王老吉包装盒,3
2318,脚盆,3
2319,即沖奶茶包装盒,3
2320,笔记本电脑,3
2321,铝箔袋,3
2322,塑料碗,3
2323,废旧电子产品,3
2324,显示器,3
2325,分旧相机,3
2326,有回收标志的咖啡杯,3
2327,显示屏,3
2328,电动玩具,3
2329,手机,3
2330,废弃衣服,3
2331,投影仪,3
2332,靠枕,3
2333,地球仪,3
2334,镜头,3
2335,有垃圾哑铃,3
2336,鸭绒被,3
2337,鞋架,3
2338,无纺布,3
2339,电热毯,3
2340,首饰盒,3
2341,合金筷子,3
2342,塑料奶茶瓶,3
2343,硒鼓,3
2344,刀,3
2345,布质化妆包,3
2346,单车,3
2347,鼓棒,3
2348,铁调羹,3
2349,交通卡,3
2350,布娃娃,3
2351,花露水塑料瓶,3
2352,漱口水瓶,3
2353,描仪,3
2354,废弈塑料文具,3
2355,插排,3
2356,饮料利乐包装,3
2357,不锈钢杯子,3
2358,电蒸锅,3
2359,味全果汁瓶,3
2360,衬衫,3
2361,电炖锅,3
2362,手机充电宝,3
2363,闹钟,3
2364,螺丝刀,3
2365,烧水壸,3
2366,快递纸箱,3
2367,铁管,3
2368,香烟盒,3
2369,糖果盒,3
2370,打印纸,3
2371,体脂秤,3
2372,大提琴,3
2373,塑料尺,3
2374,钢琴,3
2375,护肤品瓶,3
2376,旧纸袋,3
2377,护肤品玻璃罐,3
2378,睫毛夹,3
2379,口香糖塑料盒,3
2380,离型纸,3
2381,卫生纸内芯,3
2382,木质切菜板,3
2383,塑料瓶盖,3
2384,酱瓜瓶,3
2385,书,3
2386,电线,3
2387,旧窗帘,3
2388,木筷,3
2389,手机充电器,3
2390,煤气罐,3
2391,佐料瓶,3
2392,泳帽,3
2393,废旧木柴,3
2394,机箱,3
2395,搓衣板,3
2396,食用油桶,3
2397,数据线,3
2398,天之蓝酒瓶,3
2399,电子灭蚊拍,3
2400,作业本,3
2401,公文包,3
2402,塑料收纳盒,3
2403,自行车轮胎,3
2404,金属制品,3
2405,旧玩具,3
2406,木质拼板,3
2407,话筒,3
2408,加湿器,3
2409,塑料拖鞋,3
2410,塑料油壸,3
2411,点心盒,3
2412,鸟笼,3
2413,速冻食品保温袭,3
2414,长筒袜,3
2415,酸奶瓶,3
2416,档案袋,3
2417,真丝围巾,3
2418,黑板,3
2419,钨丝灯,3
2420,洗面奶麵,3
2421,充电线,3
2422,华为手机,3
2423,美肤仪,3
2424,玻璃渣,3
2425,电动牙刷,3
2426,塑料果篮,3
2427,香槟瓶,3
2428,干垃袜子,3
2429,啡杯盖,3
2430,快递盒,3
2431,接线板,3
2432,日铁锅,3
2433,蛋糕盒,3
2434,铁皮盖,3
2435,钢化膜,3
2436,螺丝,3
2437,墨水瓶,3
2438,橡胶拖鞋,3
2439,儿童爬行垫,3
2440,墨汁瓶,3
2441,玻璃花胍,3
2442,塑料泡沫,3
2443,咖啡伴佀罐,3
2444,塑料漏勺,3
2445,鉄盒,3
2446,洗衣机,3
2447,微波炉,3
2448,衣架,3
2449,主板,3
2450,座椅垫,3
2451,蜂蜜罐,3
2452,化妆品玻璃瓶,3
2453,KT板,3
2454,铜制品,3
2455,遥控器,3
2456,牙膏盒,3
2457,金属罐,3
2458,复印机,3
2459,不锈钢制品,3
2460,电扇,3
2461,二极管,3
2462,塑料储物箱,3
2463,塑料管道,3
2464,牛皮纸,3
2465,旧衣服,3
2466,乐扣塑料盒,3
2467,塑料玩具,3
2468,塑料标签,3
2469,木质花架,3
2470,棉花被,3
2471,钟表,3
2472,电水壶,3
2473,木梳,3
2474,软玻璃,3
2475,护肤乳液瓶,3
2476,防晒霜瓶,3
2477,香精瓶,3
2478,麦当劳纸袋,3
2479,金属盒,3
2480,空调机,3
2481,干净饮料瓶,3
2482,裁剪刀,3
2483,纸板箱,3
2484,橄榄球,3
2485,铜线,3
2486,电话机,3
2487,汽车坐垫,3
2488,椰汁瓶,3
2489,木质砧板,3
2490,塑料量杯,3
2491,纸,3
2492,足球鞋,3
2493,汽水瓶,3
2494,螺钉,3
2495,蚝油瓶,3
2496,洗碗机,3
2497,凉鞋,3
2498,取暖器,3
2499,键盘,3
2500,链条,3
2501,布包,3
2502,灭火器,3
2503,碎纸,3
2504,易拉罐盖,3
2505,被单,3
2506,连衣裙,3
2507,无线充电器,3
2508,塑料夹子,3
2509,电钻,3
2510,金器,3
2511,耳机盒,3
2512,咖啡机,3
2513,露露杏仁露罐,3
2514,打丁印机,3
2515,收银条,3
2516,挂烫机,3
2517,桌布,3
2518,球鞋,3
2519,纸药盒,3
2520,布艺窗帘,3
2521,课本,3
2522,运动鞋,3
2523,木质锅铲,3
2524,酒精瓶,3
2525,奶粉罐铝盖,3
2526,泡沫塑料,3
2527,显卡,3
2528,废旧小家电,3
2529,充电热水袋,3
2530,裤子,3
2531,烫衣板,3
2532,酒瓶,3
2533,铁皮簸箕,3
2534,洗脸仪,3
2535,金属拖把杆,3
2536,维他奶包装,3
2537,围巾,3
2538,小票,3
2539,电磁炉,3
2540,照相机,3
2541,塑料头盔,3
2542,懽头瓶,3
2543,Rio易拉罐,3
2544,木质玩具,3
2545,玻璃纸,3
2546,手风琴,3
2547,本子,3
2548,小提琴,3
2549,肯德基豆浆杯盖(印有可回收标志),3
2550,矿泉水桶,3
2551,充电牙刷,3
2552,吉他,3
2553,耳钉,3
2554,铝条,3
2555,彩,3
2556,铝箔纸,3
2557,铝制品,3
2558,水准仪,3
2559,旧书包,3
2560,信封,3
2561,雨伞伞面,3
2562,充电器,3
2563,肯德基纸袋,3
2564,玻璃密封容器,3
2565,自行车内胎,3
2566,收据,3
2567,腐乳瓶,3
2568,香皂包装盒,3
2569,文件夹,3
2570,童鞋,3
2571,纸袋子,3
2572,睡衣,3
2573,腰带,3
2574,午餐肉罐头,3
2575,电子洗牙器,3
2576,雨伞骨架,3
2577,杂志,3
2578,五金材料,3
2579,腳垫,3
2580,保皊球,3
2581,电费账单,3
2582,精华玻璃舾,3
2583,木板,3
2584,手机芯片,3
2585,金手链,3
2586,Rio玻璃酒瓶,3
2587,电视机,3
2588,门把手,3
2589,黄金,3
2590,茅台酒瓶,3
2591,神仙水瓶,3
2592,八音盒,3
2593,插座,3
2594,购物卡,3
2595,冰红茶利乐包装,3
2596,滑板,3
2597,空调遥控器,3
2598,皮卡丘毛绒玩偶,3
2599,椰汁盒,3
2600,塑料桌布,3
2601,台历,3
2602,奥特曼玩具,3
2603,订书机,3
2604,空矿泉水瓶,3
2605,铝罐,3
2606,路由器,3
2607,置物架,3
2608,报纸,3
2609,碎玻璃片,3
2610,青铜,3
2611,耳机,3
2612,塑料纸,3
2613,耳机线,3
2614,鸡蛋盒包装,3
2615,玩具枪,3
2616,无人机,3
2617,保温壸,3
2618,粉底液瓶,3
2619,小米摄像头,3
2620,卷纸芯,3
2621,矿泉水瓶,3
2622,报废车辆,3
2623,酸奶玻璃瓶,3
2624,抗光屏,3
2625,可口可乐瓶,3
2626,轮胎,3
2627,玻璃量杯,3
2628,美年达佽料瓶,3
2629,手办,3
2630,化妆水瓶,3
2631,奥特曼卡片,3
2632,金属晾衣杆,3
2633,布料,3
2634,五粮液瓶,3
2635,鞋带,3
2636,纸塑铝复合包装,3
2637,旧报纸,3
2638,篮球,3
2639,易拉罐拉环,3
2640,音箱,3
2641,旧枕头,3
2642,苹果耳机盒,3
2643,泡沫保温箱,3
2644,服装面料,3
2645,鸡蛋盒,3
2646,玻璃电子秤,3
2647,广告纸片,3
2648,小动物铁笼,3
2649,琥珀,3
2650,铝盖,3
2651,溜冰鞋,3
2652,平底锅,3
2653,脸盆,3
2654,芬达塑料瓶,3
2655,塑料假花,3
2656,棉签盒,3
2657,瑜伽垫,3
2658,金属钥匙扣,3
2659,药品说明书,3
2660,眼霜罐,3
2661,鲜奶盒,3
2662,笔筒,3
2663,干发帽,3
2664,塑料拼图,3
2665,洗衣液瓶,3
2666,扫地机器人,3
2667,剪刀,3
2668,旧玩偶,3
2669,垫子,3
2670,电烤箱,3
2671,铁钩,3
2672,塑料盖子,3
2673,塑料娃娃,3
2674,电子手表,3
2675,玻璃杯,3
2676,苹果鼠标,3
2677,烟盒,3
2678,脏袜子,3
2679,啤酒盖,3
2680,台灯,3
2681,最星巴克杯托,3
2682,试卷,3
2683,未被污染的输液,3
2684,小米手机,3
2685,鸡蛋塑料保护壳,3
2686,金属文件柜,3
2687,纸巾盒,3
2688,皮革,3
2689,热水袋,3
2690,化妆品瓶盖,3
2691,外卖订单纸,3
2692,玟璃调料瓶,3
2693,铜管,3
2694,高尔夫球杆,3
2695,纱线手套,3
2696,金属门吸,3
2697,食用油玻璃舾,3
2698,保鲜膜內芯,3
2699,布鞋套,3
2700,电锯,3
2701,金属架子,3
2702,卷纸内芯,3
2703,卡纸,3
2704,油桶,3
2705,塑料花盆,3
2706,拖把桶,3
2707,小木棍,3
2708,自拍杆,3
2709,有回收标志的奶茶杯盖,3
2710,环保袋,3
2711,椰奶盒,3
2712,剃须刀,3
2713,皮料,3
2714,玻璃沙漏,3
2715,行李箱,3
2716,金子,3
2717,玩具盒,3
2718,起钉器,3
2719,食品空罐头,3
2720,废钥匙,3
2721,牛奶盒,3
2722,练习册,3
2723,游戏手柄,3
2724,塑料晾衣架,3
2725,电冰箱,3
2726,苹果耳机,3
2727,金属管,3
2728,滴露消毒液瓶,3
2729,塑料包装,3
2730,衣服标签,3
2731,豆奶盒,3
2732,指甲钳,3
2733,奶粉罐,3
2734,球拍,3
2735,布鞋,3
2736,루冰鞋,3
2737,金属,3
2738,护发素瓶,3
2739,海报,3
2740,塑料壳,3
2741,玻璃奶瓶,3
2742,电脑包,3
2743,高压锅,3
2744,沙发坐垫,3
2745,电子表,3
2746,衣服吊牌,3
2747,运动袜,3
2748,体重秤,3
2749,热敏纸,3
2750,最猫罐头,3
2751,乳液罐,3
2752,旧开关,3
2753,相框,3
2754,游泳圈,3
2755,铁罐子,3
2756,螺纹帽,3
2757,电动卷发棒,3
2758,拖鞋,3
2759,魔方,3
2760,平板电脑,3
2761,洗发露瓶,3
2762,吸门器,3
2763,爽肤水瓶,3
2764,翡翠手镯,3
2765,茶叶铁盒,3
2766,木头,3
2767,塑料盆,3
2768,布玩偶,3
2769,纯牛奶纸盒,3
2770,洗手液瓶,3
2771,关东煮隔热杯套,3
2772,醋瓶,3
2773,旧布鞋,3
2774,洗涤液瓶,3
2775,碎玻璃制品,3
2776,电饭煲,3
2777,泡沫箱,3
2778,鞋盒,3
2779,玻璃瓶,3
2780,电话线,3
2781,喜糖铁盒子,3
2782,皮包,3
2783,木质梳子,3
2784,农夫山泉矿泉水瓶,3
2785,枕芯,3
2786,保鲜膜带齿盒,3
2787,旧锁,3
2788,皮草制品,3
2789,硬纸板,3
2790,丝巾,3
2791,员规,3
2792,锡纸,3
2793,内存条,3
2794,热水瓶,3
2795,棉被,3
2796,游戏机,3
2797,花洒软管,3
2798,废纸,3
2799,吊牌,3
2800,干垃木棍,3
2801,纸质牛奶盒,3
2802,婴儿手推车,3
2803,饼干盒,3
2804,塑料水管,3
2805,极管,3
2806,锅,3
2807,呼啦圈,3
2808,卷筒纸内芯,3
2809,内存卡,3
2810,干垃场牛奶瓶,3
2811,气泡酒瓶,3
2812,环保布质垃圾袋,3
2813,USB线,3
2814,橡胶玩具,3
2815,茶叶罐,3
2816,塑料盒,3
2817,食品保鲜盒,3
2818,抱枕,3
2819,玻璃,3
2820,美工刀片,3
2821,排球,3
2822,自行车,3
2823,包装纸,3
2824,酱莱瓶,3
2825,未受污染纸制品,3
2826,望远镜,3
2827,领结,3
2828,网线,3
2829,信用卡,3
2830,瓦斯罐,3
2831,PET塑料瓶,3
2832,洗衣液桶,3
2833,毛线,3
2834,木勺,3
2835,沐浴露瓶,3
2836,点钞机,3
2837,银戒指,3
2838,牛奶塑料瓶,3
2839,蛋挞盒,3
2840,榨果汁机,3
2841,水晶板,3
2842,椅套,3
2843,酸奶杯,3
2844,咖啡隔热纸,3
2845,扫地机,3
2846,彐描仪,3
2847,裁纸刀,3
2848,亚克力板,3
2849,字帖纸,3
2850,木桶,3
2851,软桶,3
2852,无纺布包,3
2853,AD钙奶瓶,3
2854,塑料瓶瓶盖,3
2855,吸尘器,3
2856,铝塑复合管,3
2857,铁制品,3
2858,信纸,3
2859,棉布,3
2860,泡沫盒子,3
2861,螺纹盖,3
2862,84消毒液瓶,3
2863,麻油瓶,3
2864,拉箱,3
2865,每日c果汁瓶,3
2866,办公桌,3
2867,磁带播放器,3
2868,红酒瓶,3
2869,汽水瓶盖,3
2870,铁盒子,3
2871,白酒瓶,3
2872,手链,3
2873,洗洁精瓶,3
2874,羊毛衫,3
2875,簪子,3
2876,星巴克纸袋,3
2877,茄酱瓶,3
2878,保温杯,3
2879,铜丝,3
2880,酱油玻璃扼,3
2881,空气加湿器,3
2882,脱排油烟机,3
2883,饮料瓶盖,3
2884,金项链,3
2885,指甲刀,3
2886,电吹风,3
2887,乐扣玻璃盒,3
2888,八宝粥罐,3
2889,床垫,3
2890,无纺布袋,3
2891,硬板纸,3
2892,药品外包装盒,3
2893,玻璃小鱼缸,3
2894,劳力士手表,3
2895,有机玻璃,3
2896,脸摩仪,3
2897,塑复钢管,3
2898,塑料餐具,3
2899,平板玻璃,3
2900,风衣,3
2901,移动电源,3
2902,床单,3
2903,PU革,3
2904,可乐罐,3
2905,木质小板莞,3
2906,气垫梳,3
2907,塑料饭盒,3
2908,水果刀,3
2909,测试卷子,3
2910,电阻,3
2911,电脑机箱,3
2912,步步高学习机,3
2913,消费卡,3
2914,木头梳子,3
2915,纸盒,3
2916,塑料日用品,3
2917,洋娃娃,3
2918,塑料玩偶,3
2919,皮球,3
2920,运动包,3
2921,皇家礼炮瓶,3
2922,蓝罐曲奇盒,3
2923,乳液舾,3
2924,塑料架,3
2925,闹铃,3
2926,龙头,3
2927,手电筒,3
2928,舒肤佳包装盒,3
2929,纸质杯套,3
2930,电瓶,3
2931,包书纸,3
2932,会员卡,3
2933,乐扣乐扣,3
2934,棕榈蜡,3
2935,高跟鞋,3
2936,纸质印刷品,3
2937,牛奶利乐包装盒,3
2938,皮尺,3
2939,玻瑞制品,3
2940,塑料拖把杆,3
2941,日跑鞋,3
2942,镜子本框架,3
2943,人造革,3
2944,棉拖鞋,3
2945,塑料杯,3
2946,毛绒玩具,3
2947,玟璃锅盖,3
2948,金属零件,3
2949,最木质猫爬架,3
2950,牛仔裤,3
2951,晾衣架,3
2952,柔顺剂瓶,3
2953,收据用纸,3
2954,维他柠檬茶利乐包装,3
2955,塑料沙漏,3
2956,吹风机,3
2957,皮具,3
2958,电源插头,3
2959,毛皮,3
2960,手镯,3
2961,剃须刀片,3
2962,U盘,3
2963,白炽灯,3
2964,音乐盒,3
2965,美工刀,3
2966,美甲灯,3
2967,皮箱,3
2968,帐篷,3
2969,金戒指,3
2970,复读机,3
2971,纸箱,3
2972,妆油瓶,3
2973,木凳,3
2974,暖水瓶,3
2975,擀面杖,3
2976,书包,3
2977,隐形眼镜包装盒,3
2978,塑料衣架,3
2979,铁罐,3
2980,塑料酸奶盒,3
2981,工字钉,3
2982,浴室防滑垫,3
2983,充电装置,3
2984,香烟壳,3
2985,帆布包,3
2986,窗玻璃,3
2987,苹果无线耳机,3
2988,有回收标志的咖,3
2989,保温袋,3
2990,靠垫,3
2991,草稿纸,3
2992,料酒瓶,3
2993,丝带,3
2994,玻璃放大镜,3
2995,手表,3
2996,废锁头,3
2997,收纳箱,3
2998,塑料玩具车,3
2999,饮料玻璃瓶,3
3000,羊皮制品,3
3001,皮带,3
3002,台式电脑,3
3003,金属瓶盖,3
3004,珍珠项链,3
3005,登山鞋,3
3006,金属夹,3
3007,塑料模型,3
3008,净水器,3
3009,燃气灶,3
3010,真皮制品,3
3011,日剪刀,3
3012,酱油瓶,3
3013,铁皮罐头,3
3014,塑料桶,3
3015,有回收标志的奶茶杯,3
3016,滴露瓶,3
3017,菜刀,3
3018,酸奶盒,3
3019,变形金刚,3
3020,被子,3
3021,A42纸,3
3022,铅笔盒,3
3023,花生酱玻璃瓶,3
3024,软塑料隔热垫,3
3025,机顶盒,3
3026,面霜瓶,3
3027,无线耳机,3
3028,电动剃须刀,3
3029,名片,3
3030,曲奇铁罐,3
3031,洗发水瓶,3
3032,废旧吸铁石,3
3033,你闲鞋,3
3034,椰奶罐,3
3035,皮鞋,3
3036,金属香炉,3
3037,木质拖把杵,3
3038,巧克力礼盒包装,3
3039,养乐多瓶,3
3040,喜糖纸盒,3
3041,洁面仪,3
3042,桶,3
3043,笔记本电源,3
3044,螺丝钉,3
3045,台布,3
3046,USB风扇,3
3047,打气筒,3
3048,枕头,3
3049,指南针,3
3050,玩具塑料包装纸盒,3
3051,不锈钢垃圾桶,3
3052,石磁铁,3
3053,马桶盖,3
3054,碎纸机,3
3055,LED手电筒,3
3056,乒乓球拍,3
3057,CD塑料盒,3
3058,塑料杯套,3
3059,除湿机,3
3060,啤酒瓶,3
3061,办公用纸,3
3062,垃圾箱,3
3063,塑料包装纸盒,3
3064,雪碧瓶,3
3065,蓝牙耳机,3
3066,药品纸盒,3
3067,安慕希酸奶盒,3
3068,化妆品外包装纸盒,3
3069,救生圈,3
3070,大衣,3
3071,日帽子,3
3072,洗洁精,3
3073,榔头,3
3074,净水壸,3
3075,尼龙袋,3
3076,塑料肥皂盒,3
3077,玻璃蜡烛杯,3
3078,光驱,3
3079,日皮鞋,3
3080,烧烤铁签,3
3081,Pocky包装盒,3
3082,可乐瓶盖,3
3083,鱼竿,3
3084,真空压缩袋,3
3085,旅行箱,3
3086,苹果 Airpods耳机盒,3
3087,金属徽章,3
3088,抻拍浄瓶罐,3
3089,充电宝,3
3090,跑步机,3
3091,芭比娃娃,3
3092,炒菜铁锅,3
3093,空气净化器,3
3094,老干妈瓶子,3
3095,场幕布,3
3096,毛毯,3
3097,牛仔服,3
3098,金属鱼钩,3
3099,音响,3
3100,雪碧罐,3
3101,玻璃水瓶,3
3102,铝膜,3
3103,枕套,3
3104,布料制品,3
3105,快递纸袋,3
3106,旧拖鞋,3
3107,硬质塑料瓶,3
3108,金耳环,3
3109,皮质钱包,3
3110,蜜蜡,3
3111,包装盒,3
3112,塑料饮料瓶,3
3113,榨汁机,3
3114,电风扇,3
3115,标有回收标志外卖盒,3
3116,玻璃壸,3
3117,废食用油瓶,3
3118,沙拉酱瓶,3
3119,色拉油桶,3
3120,车钥匙,3
3121,铁夹子,3
3122,袖套,3
3123,月饼盒,3
3124,衣服干洗剂瓶,3
3125,羊毛毡,3
3126,脉动饮料瓶,3
3127,蜜饯塑料罐,3
3128,足球,3
3129,咖啡杯套,3
3130,漱口塑料杯,3
3131,啤酒瓶盖,3
3132,广告单,3
3133,电动保温箱,3
3134,画框,3
3135,拖线板,3
3136,电熨斗,3
3137,塑料米袋,3
3138,顼链,3
3139,网卡,3
3140,麦当劳咖啡杯杯盖(印有可回收标志),3
3141,刻录机,3
3142,无纺布手提袋,3
3143,广告用纸,3
3144,绿茶包装盒,3
3145,消毒液瓶,3
3146,纸质卡片,3
3147,蚊帐,3
3148,钻戒,3
3149,计算器,3
3150,特仑苏牛奶盒,3
3151,奶粉桶,3
3152,手机支撑架,3
3153,文件柜,3
3154,竹签,3
3155,木盒子,3
3156,密胺餐具,3
3157,塑料膜,3
3158,废电路板,3
3159,卻妆水瓶,3
3160,牙线盒,3
3161,插线板,3
3162,雨鞋,3
3163,羊毛被,3
3164,打印机黑盒,3
3165,浴帘,3
3166,鸡蛋包装盒,3
3167,传单,3
3168,日塑料篮子,3
3169,搅拌器,3
3170,太空望远镜,3
3171,秋裤,3
3172,镜片,3
3173,电子血压仪,3
3174,花露水玻璃舾,3
3175,豆浆机,3
3176,塑料文件袋,3
3177,果酱瓶,3
3178,铁拉链,3
3179,暖壸胆,3
3180,家电家具,3
3181,砧板,3
3182,旧瑜伽垫,3
3183,水电费账单,3
3184,蛇皮袋,3
3185,二手手机,3
3186,羽绒服,3
3187,廢旧报纸,3
3188,易拉罐,3
3189,帆布袋,3
3190,电容,3
3191,矿泉水瓶盖,3
3192,铁钉,3
3193,麦克风,3
3194,杯垫,3
3195,帆布鞋,3
3196,手机支架,3
3197,软塑料管,3
3198,日历,3
3199,复印纸,3
3200,喷火枪,3
3201,电动刮痧板,3
3202,香水瓶,3
3203,日光灯,4
3204,药片内包装,4
3205,废镍镉电池,4
3206,止咳枇杷膏,4
3207,药液袋,4
3208,洁厕灵瓶子,4
3209,录像带,4
3210,药壶,4
3211,维生素瓶,4
3212,西瓜霜含片,4
3213,染发膏,4
3214,卻甲包,4
3215,人丹,4
3216,金噪子含片,4
3217,测血糖针,4
3218,过期感冒药,4
3219,杀虫剂,4
3220,外敷伤药,4
3221,西药,4
3222,泡腾片,4
3223,油漆刷,4
3224,碘酒瓶,4
3225,灭蚊喷雾剂,4
3226,灯泡,4
3227,药剂,4
3228,废水银血压计,4
3229,过期药品,4
3230,化学剂桶,4
3231,达克宁药膏皮,4
3232,塑料药瓶,4
3233,过期药片,4
3234,滴眼液,4
3235,口服液吸管,4
3236,喊减福,4
3237,补品玻璃瓶,4
3238,药膏包装壳,4
3239,粉状药品包装袋,4
3240,过期的胶囊药物,4
3241,医用棉签,4
3242,502胶水,4
3243,松节油,4
3244,可回收物荧光灯,4
3245,可回收物电灯泡,4
3246,鱼肝油盒,4
3247,医用注射器,4
3248,染发手套,4
3249,树脂,4
3250,卸甲水,4
3251,止痛膏,4
3252,空药瓶,4
3253,药丸,4
3254,止咳糖浆瓶,4
3255,胶水桶,4
3256,笔记本电脑电池,4
3257,废血压计,4
3258,测血糖试纸,4
3259,安神补脑液瓶,4
3260,痔疮膏,4
3261,维生素,4
3262,废节能灯,4
3263,膏药,4
3264,农药瓶,4
3265,照片,4
3266,胶合剂,4
3267,空调清洗消毒液瓶,4
3268,可回收物废农药,4
3269,药水玻璃瓶,4
3270,充电电池,4
3271,老鼠药,4
3272,药膏,4
3273,染发剂,4
3274,鱼肝油,4
3275,板蓝根冲剂,4
3276,药片铝塑包装,4
3277,樟脑丸,4
3278,LED灯(含水银),4
3279,卻甲膜,4
3280,雷达瓶子,4
3281,中成药,4
3282,清洁剂,4
3283,开塞露,4
3284,除渍剂,4
3285,口服液瓶盖,4
3286,清洁剂瓶,4
3287,伤筋药膏包装,4
3288,燕窝瓶,4
3289,感冒药包装,4
3290,一次性注射器,4
3291,药瓶,4
3292,医用针管,4
3293,感冒药,4
3294,咳嗽糖浆玻璃瓶,4
3295,水银体温计,4
3296,输液瓶,4
3297,一次性眼药水,4
3298,卤素灯,4
3299,手机电池,4
3300,氧化汞电池,4
3301,相片底片,4
3302,达克宁药膏,4
3303,油漆笔,4
3304,金霉素眼药膏,4
3305,鱼油胶囊,4
3306,血糖试纸,4
3307,清洗剂,4
3308,工业胶水,4
3309,烫伤膏,4
3310,碘伏,4
3311,杀虫喷雾,4
3312,锂电池,4
3313,红霉素软膏,4
3314,很药水,4
3315,油漆桶,4
3316,钮扣电池,4
3317,洁厕液瓶,4
3318,口服液,4
3319,生理盐水瓶,4
3320,生石灰,4
3321,废矿物油,4
3322,704粘合剂,4
3323,皮革,4
3324,西瓜霜,4
3325,酒精,4
3326,指甲油瓶子,4
3327,咳嗽药水瓶,4
3328,颖粒药包装袋,4
3329,胶卷底片,4
3330,透明塑料药舾,4
3331,伤筋膏药,4
3332,感光胶片,4
3333,废弃药瓶,4
3334,过期指甲油,4
3335,烫伤药,4
3336,过期西药,4
3337,保健品瓶子,4
3338,深海鱼油,4
3339,可回收物x光片,4
3340,塑料铝箔包装,4
3341,保健品,4
3342,药包装,4
3343,蟑螂药,4
3344,废水银温度计,4
3345,口服液瓶,4
3346,废弃灯泡,4
3347,废荧光灯管,4
3348,膏药包装,4
3349,药罐,4
3350,消毒剂,4
3351,废油漆,4
3352,友情提示,4
3353,冻干粉,4
3354,红花油,4
3355,胶囊,4
3356,干垃胶片,4
3357,镍镉电池,4
3358,膏药布,4
3359,医用纱布,4
3360,碳粉盒,4
3361,卻甲油,4
3362,西药瓶,4
3363,钙片,4
3364,铅酸电池,4
3365,胶囊底板,4
3366,杀虫子罐,4
3367,咳嗽药片,4
3368,给药器,4
3369,打火机燃料罐,4
3370,节能灯(含水银),4
3371,医用手套,4
3372,塑料药盒,4
3373,健胃消食片,4
3374,玻璃药瓶,4
3375,餐巾纸,2
3376,饮料瓶,3
3377,塑料瓶,3
